<?xml version="1.0" encoding="utf-8"?>
<!DOCTYPE asf SYSTEM "//ns.adobe.com/asf/asf_1_0.dtd">
<asf locale="fr_FR" version="1.0" xmlns="//ns.adobe.com/asf">
    <set name="DefaultSet">
        <str name="app.name">
            <val>Clipboy</val>

        </str>
        <str name="app.store.name">
            <val>Clipboy pour Twitch</val>

        </str>
        <str name="app.store.description">
            <val>Téléchargez des clips Twitch directement dans Adobe en un clic.</val>

        </str>
        <str name="app.store.license">
            <val/>

        </str>
        <str name="app.store.ui.description">
            <val>Téléchargez des clips Twitch directement dans Adobe en un clic.</val>

        </str>
        <str name="update.message">
            <val>Une nouvelle version est disponible.</val>

        </str>
        <str name="update.link">
            <val>Mettre à jour maintenant</val>

        </str>
        <str name="form.field.game.label">
            <val>Jeu</val>

        </str>
        <str name="form.field.broadcaster.label">
            <val>Diffuseur</val>

        </str>
        <str name="form.field.startDate.label">
            <val>Date de début</val>

        </str>
        <str name="form.field.startDate.invalid">
            <val>Date invalide</val>

        </str>
        <str name="form.field.endDate.label">
            <val>Date de fin</val>

        </str>
        <str name="form.field.endDate.invalid">
            <val>Date invalide</val>

        </str>
        <str name="form.field.clipCount.label">
            <val>Nombre de clips</val>

        </str>
        <str name="form.button.submit">
            <val>Importer</val>

        </str>
        <str name="progress.button.done">
            <val>Génial !</val>

        </str>
        <str name="progress.message.done">
            <val>Terminé.</val>

        </str>
        <str name="progress.progress.clipsleft">
            <val>{{current}} de {{total}}</val>

        </str>
        <str name="rating.message">
            <val>Vous appréciez {{name}} ? Laissez-nous une évaluation !</val>

        </str>
        <str name="rating.ok">
            <val>Bien</val>

        </str>
        <str name="error.startdate.date.max">
            <val>La date de début doit être antérieure à la date de fin</val>

        </str>
        <str name="error.startdate.date.isoDate">
            <val>Date de début invalide</val>

        </str>
        <str name="error.startdate.any.required">
            <val>La date de début est requise</val>

        </str>
        <str name="error.enddate.date.less">
            <val>La date de fin doit être antérieure à aujourd'hui</val>

        </str>
        <str name="error.enddate.date.isoDate">
            <val>Date de fin invalide</val>

        </str>
        <str name="error.clipcount.number.min">
            <val>Nombre de clips invalide</val>

        </str>
        <str name="error.clipcount.number.max">
            <val>Nombre de clips invalide</val>

        </str>
        <str name="error.clipcount.number.base">
            <val>Nombre de clips invalide</val>

        </str>
        <str name="error.clipcount.any.required">
            <val>Le nombre de clips est requis</val>

        </str>
        <str name="error.object.missing">
            <val>Le jeu ou le diffuseur est requis</val>

        </str>
        <str name="error.broadcaster.notfound">
            <val>Le diffuseur fourni n'existe pas</val>

        </str>
        <str name="error.broadcaster.any.empty">
            <val>Le diffuseur est requis</val>

        </str>
        <str name="error.game.notfound">
            <val>Le jeu fourni n'existe pas</val>

        </str>
        <str name="error.game.any.empty">
            <val>Le jeu est requis</val>

        </str>
        <str name="error.clips.failed">
            <val>Échec d'obtention de clip(s)</val>

        </str>
        <str name="error.clips.notfound">
            <val>Aucun clip trouvé</val>

        </str>
        <str name="error.generic">
            <val>Une erreur est survenue, c'est tout ce que nous savons</val>

        </str>
        <str name="error.system.space">
            <val>Il n'y avait pas assez d'espace disque pour continuer</val>

        </str>
        <str name="error.system.permission">
            <val>Impossible d'écrire dans le dossier cible</val>

        </str>
        <str name="error.network.toomany">
            <val>Trop de demandes, veuillez réessayer plus tard</val>

        </str>
        <str name="error.network.forbidden">
            <val>Vous n'êtes pas autorisé à le faire</val>

        </str>
        <str name="error.network.failed">
            <val>Internet semble hors service, veuillez réessayer plus tard</val>

        </str>
        <str name="error.twitch.generic">
            <val>Twitch rencontre des problèmes, veuillez réessayer plus tard</val>

        </str>

    </set>

</asf>
